mode,storage,phase,result
async OFF,SD card,copy,"{""copy_mbps"": 3.3, ""ncm_tx_sent"": 32, ""ncm_tx_busy_drops"": 0, ""ncm_tx_timeout_drops"": 0, ""ncm_tx_busy_retries"": 0, ""ncm_tx_max_send_us_total"": 11954}"
async OFF,SD card,latency_idle,"{""sent"": 551, ""lost"": 0, ""rtt_min_ms"": 0.37, ""rtt_avg_ms"": 0.75, ""rtt_p50_ms"": 0.7, ""rtt_p99_ms"": 2.8, ""rtt_max_ms"": 13.11, ""rtt_over_10ms"": 1, ""ncm_tx_sent"": 571, ""ncm_tx_busy_drops"": 0, ""ncm_tx_timeout_drops"": 0, ""ncm_tx_busy_retries"": 0, ""ncm_tx_max_send_us_total"": 11954}"
async OFF,SD card,latency_copy,"{""sent"": 4155, ""lost"": 0, ""rtt_min_ms"": 0.41, ""rtt_avg_ms"": 12.38, ""rtt_p50_ms"": 4.83, ""rtt_p99_ms"": 142.54, ""rtt_max_ms"": 193.6, ""rtt_over_10ms"": 827, ""copy_mbps"": 2.6, ""ncm_tx_sent"": 4202, ""ncm_tx_busy_drops"": 0, ""ncm_tx_timeout_drops"": 0, ""ncm_tx_busy_retries"": 0, ""ncm_tx_max_send_us_total"": 92996}"
async OFF,SD card,tcp_up_idle,"{""tcp_up_avg_mbps"": 92.7, ""tcp_up_min_1s_mbps"": 91.4, ""ncm_tx_sent"": 22232, ""ncm_tx_busy_drops"": 0, ""ncm_tx_timeout_drops"": 0, ""ncm_tx_busy_retries"": 0, ""ncm_tx_max_send_us_total"": 92996}"
async OFF,SD card,tcp_up_copy,"{""tcp_up_avg_mbps"": 10.3, ""tcp_up_min_1s_mbps"": 5.3, ""copy_mbps"": 3.0, ""ncm_tx_sent"": 15953, ""ncm_tx_busy_drops"": 0, ""ncm_tx_timeout_drops"": 0, ""ncm_tx_busy_retries"": 0, ""ncm_tx_max_send_us_total"": 92996}"
async OFF,SD card,tcp_down_idle,"{""tcp_down_avg_mbps"": 1.0, ""tcp_down_min_1s_mbps"": 0.3, ""ncm_tx_sent"": 526, ""ncm_tx_busy_drops"": 20, ""ncm_tx_timeout_drops"": 0, ""ncm_tx_busy_retries"": 0, ""ncm_tx_max_send_us_total"": 92996}"
async OFF,SD card,tcp_down_copy,"{""tcp_down_avg_mbps"": 9.0, ""tcp_down_min_1s_mbps"": 0.3, ""copy_mbps"": 3.1, ""ncm_tx_sent"": 26508, ""ncm_tx_busy_drops"": 33, ""ncm_tx_timeout_drops"": 0, ""ncm_tx_busy_retries"": 0, ""ncm_tx_max_send_us_total"": 92996}"
async ON,SD card,copy,"{""copy_mbps"": 3.3, ""ncm_tx_sent"": 98, ""ncm_tx_busy_drops"": 0, ""ncm_tx_timeout_drops"": 0, ""ncm_tx_busy_retries"": 0, ""ncm_tx_max_send_us_total"": 240}"
async ON,SD card,latency_idle,"{""sent"": 551, ""lost"": 0, ""rtt_min_ms"": 0.38, ""rtt_avg_ms"": 0.67, ""rtt_p50_ms"": 0.67, ""rtt_p99_ms"": 0.94, ""rtt_max_ms"": 1.0, ""rtt_over_10ms"": 0, ""ncm_tx_sent"": 562, ""ncm_tx_busy_drops"": 0, ""ncm_tx_timeout_drops"": 0, ""ncm_tx_busy_retries"": 0, ""ncm_tx_max_send_us_total"": 240}"
async ON,SD card,latency_copy,"{""sent"": 4158, ""lost"": 0, ""rtt_min_ms"": 0.28, ""rtt_avg_ms"": 0.78, ""rtt_p50_ms"": 0.77, ""rtt_p99_ms"": 1.5, ""rtt_max_ms"": 37.35, ""rtt_over_10ms"": 6, ""copy_mbps"": 2.6, ""ncm_tx_sent"": 4205, ""ncm_tx_busy_drops"": 0, ""ncm_tx_timeout_drops"": 0, ""ncm_tx_busy_retries"": 0, ""ncm_tx_max_send_us_total"": 1019}"
async ON,SD card,tcp_up_idle,"{""tcp_up_avg_mbps"": 91.9, ""tcp_up_min_1s_mbps"": 88.5, ""ncm_tx_sent"": 22013, ""ncm_tx_busy_drops"": 0, ""ncm_tx_timeout_drops"": 0, ""ncm_tx_busy_retries"": 0, ""ncm_tx_max_send_us_total"": 1019}"
async ON,SD card,tcp_up_copy,"{""tcp_up_avg_mbps"": 82.7, ""tcp_up_min_1s_mbps"": 79.8, ""copy_mbps"": 3.0, ""ncm_tx_sent"": 138379, ""ncm_tx_busy_drops"": 0, ""ncm_tx_timeout_drops"": 0, ""ncm_tx_busy_retries"": 0, ""ncm_tx_max_send_us_total"": 1316}"
async ON,SD card,tcp_down_idle,"{""tcp_down_avg_mbps"": 2.8, ""tcp_down_min_1s_mbps"": 1.6, ""ncm_tx_sent"": 1370, ""ncm_tx_busy_drops"": 38, ""ncm_tx_timeout_drops"": 0, ""ncm_tx_busy_retries"": 0, ""ncm_tx_max_send_us_total"": 1316}"
async ON,SD card,tcp_down_copy,"{""tcp_down_avg_mbps"": 1.3, ""tcp_down_min_1s_mbps"": 0.3, ""copy_mbps"": 3.2, ""ncm_tx_sent"": 3926, ""ncm_tx_busy_drops"": 102, ""ncm_tx_timeout_drops"": 0, ""ncm_tx_busy_retries"": 0, ""ncm_tx_max_send_us_total"": 1316}"
async ON +tx_retry,SD card,copy,"{""copy_mbps"": 2.6, ""ncm_tx_sent"": 57, ""ncm_tx_busy_drops"": 0, ""ncm_tx_timeout_drops"": 0, ""ncm_tx_busy_retries"": 0, ""ncm_tx_max_send_us_total"": 447}"
async ON +tx_retry,SD card,latency_idle,"{""sent"": 551, ""lost"": 0, ""rtt_min_ms"": 0.39, ""rtt_avg_ms"": 0.6, ""rtt_p50_ms"": 0.56, ""rtt_p99_ms"": 0.87, ""rtt_max_ms"": 1.02, ""rtt_over_10ms"": 0, ""ncm_tx_sent"": 581, ""ncm_tx_busy_drops"": 0, ""ncm_tx_timeout_drops"": 0, ""ncm_tx_busy_retries"": 0, ""ncm_tx_max_send_us_total"": 447}"
async ON +tx_retry,SD card,latency_copy,"{""sent"": 3411, ""lost"": 0, ""rtt_min_ms"": 0.34, ""rtt_avg_ms"": 0.7, ""rtt_p50_ms"": 0.71, ""rtt_p99_ms"": 1.31, ""rtt_max_ms"": 1.81, ""rtt_over_10ms"": 0, ""copy_mbps"": 3.1, ""ncm_tx_sent"": 3478, ""ncm_tx_busy_drops"": 0, ""ncm_tx_timeout_drops"": 0, ""ncm_tx_busy_retries"": 0, ""ncm_tx_max_send_us_total"": 972}"
async ON +tx_retry,SD card,tcp_up_idle,"{""tcp_up_avg_mbps"": 91.7, ""tcp_up_min_1s_mbps"": 88.8, ""ncm_tx_sent"": 22004, ""ncm_tx_busy_drops"": 0, ""ncm_tx_timeout_drops"": 0, ""ncm_tx_busy_retries"": 0, ""ncm_tx_max_send_us_total"": 972}"
async ON +tx_retry,SD card,tcp_up_copy,"{""tcp_up_avg_mbps"": 82.3, ""tcp_up_min_1s_mbps"": 77.7, ""copy_mbps"": 3.0, ""ncm_tx_sent"": 139028, ""ncm_tx_busy_drops"": 0, ""ncm_tx_timeout_drops"": 0, ""ncm_tx_busy_retries"": 0, ""ncm_tx_max_send_us_total"": 1313}"
async ON +tx_retry,SD card,tcp_down_idle,"{""tcp_down_avg_mbps"": 97.2, ""tcp_down_min_1s_mbps"": 95.8, ""ncm_tx_sent"": 46444, ""ncm_tx_busy_drops"": 0, ""ncm_tx_timeout_drops"": 0, ""ncm_tx_busy_retries"": 1906, ""ncm_tx_max_send_us_total"": 1460}"
async ON +tx_retry,SD card,tcp_down_copy,"{""tcp_down_avg_mbps"": 71.6, ""tcp_down_min_1s_mbps"": 0.0, ""copy_mbps"": 2.8, ""ncm_tx_sent"": 235469, ""ncm_tx_busy_drops"": 0, ""ncm_tx_timeout_drops"": 0, ""ncm_tx_busy_retries"": 5442, ""ncm_tx_max_send_us_total"": 1587}"
